Device Name,SN,Parent Device,Device SN,Updated Time,Production(kWh),Grid Feed-in(kWh),Consumption(kWh),Electricity Purchasing(kWh)
Inverter,2308020117,Logger,2792220252,2024/04/01,26.90,0.00,26.90,0.00
Inverter,2308020117,Logger,2792220252,2024/04/02,23.00,0.00,23.00,0.00
Inverter,2308020117,Logger,2792220252,2024/04/03,21.80,0.00,21.80,0.00
Inverter,2308020117,Logger,2792220252,2024/04/04,27.00,0.00,27.00,0.00
Inverter,2308020117,Logger,2792220252,2024/04/05,28.20,0.00,28.20,0.00
Inverter,2308020117,Logger,2792220252,2024/04/06,26.40,0.00,26.40,0.00
Inverter,2308020117,Logger,2792220252,2024/04/07,23.60,0.00,23.60,0.00
Inverter,2308020117,Logger,2792220252,2024/04/08,26.40,0.00,26.40,0.00
Inverter,2308020117,Logger,2792220252,2024/04/09,25.70,0.00,25.70,0.00
Inverter,2308020117,Logger,2792220252,2024/04/10,27.10,0.00,27.10,0.00
Inverter,2308020117,Logger,2792220252,2024/04/11,24.20,0.00,24.20,0.00
Inverter,2308020117,Logger,2792220252,2024/04/12,21.80,0.00,21.80,0.00
Inverter,2308020117,Logger,2792220252,2024/04/13,27.60,0.00,27.60,0.00
Inverter,2308020117,Logger,2792220252,2024/04/14,25.60,0.00,25.60,0.00
Inverter,2308020117,Logger,2792220252,2024/04/15,29.40,0.00,29.40,0.00
Inverter,2308020117,Logger,2792220252,2024/04/16,24.00,0.00,24.00,0.00
Inverter,2308020117,Logger,2792220252,2024/04/17,23.60,0.00,23.60,0.00
Inverter,2308020117,Logger,2792220252,2024/04/18,23.00,0.00,23.00,0.00
Inverter,2308020117,Logger,2792220252,2024/04/19,22.30,0.00,22.30,0.00
Inverter,2308020117,Logger,2792220252,2024/04/20,19.70,0.00,19.70,0.00
Inverter,2308020117,Logger,2792220252,2024/04/21,25.40,0.00,25.40,0.00
Inverter,2308020117,Logger,2792220252,2024/04/22,27.10,0.00,27.10,0.00
Inverter,2308020117,Logger,2792220252,2024/04/23,26.90,0.00,26.90,0.00
Inverter,2308020117,Logger,2792220252,2024/04/24,20.20,0.00,20.20,0.00
Inverter,2308020117,Logger,2792220252,2024/04/25,25.60,0.00,25.60,0.00
Inverter,2308020117,Logger,2792220252,2024/04/26,23.60,0.00,23.60,0.00
Inverter,2308020117,Logger,2792220252,2024/04/27,26.00,0.00,26.00,0.00
Inverter,2308020117,Logger,2792220252,2024/04/28,25.30,0.00,25.30,0.00
Inverter,2308020117,Logger,2792220252,2024/04/29,25.10,0.00,25.10,0.00
Inverter,2308020117,Logger,2792220252,2024/04/30,22.80,0.00,22.80,0.00
Inverter,2308020117,Logger,2792220252,2024/05/01,23.50,0.00,23.50,0.00
Inverter,2308020117,Logger,2792220252,2024/05/02,22.10,0.00,22.10,0.00
Inverter,2308020117,Logger,2792220252,2024/05/03,13.60,0.00,13.60,0.00
Inverter,2308020117,Logger,2792220252,2024/05/04,20.60,0.00,20.60,0.00
Inverter,2308020117,Logger,2792220252,2024/05/05,23.70,0.00,23.70,0.00
Inverter,2308020117,Logger,2792220252,2024/05/06,23.70,0.00,23.70,0.00
Inverter,2308020117,Logger,2792220252,2024/05/07,25.50,0.00,25.50,0.00
Inverter,2308020117,Logger,2792220252,2024/05/08,23.60,0.00,23.60,0.00
Inverter,2308020117,Logger,2792220252,2024/05/09,22.50,0.00,22.50,0.00
Inverter,2308020117,Logger,2792220252,2024/05/10,18.40,0.00,18.40,0.00
Inverter,2308020117,Logger,2792220252,2024/05/11,21.40,0.00,21.40,0.00
Inverter,2308020117,Logger,2792220252,2024/05/12,23.50,0.00,23.50,0.00
Inverter,2308020117,Logger,2792220252,2024/05/13,17.70,0.00,17.70,0.00
Inverter,2308020117,Logger,2792220252,2024/05/14,13.10,0.00,13.10,0.00
Inverter,2308020117,Logger,2792220252,2024/05/15,12.40,0.00,12.40,0.00
Inverter,2308020117,Logger,2792220252,2024/05/16,18.90,0.00,18.90,0.00
Inverter,2308020117,Logger,2792220252,2024/05/17,16.10,0.00,16.10,0.00
Inverter,2308020117,Logger,2792220252,2024/05/18,18.50,0.00,18.50,0.00
Inverter,2308020117,Logger,2792220252,2024/05/19,13.80,0.00,13.80,0.00
Inverter,2308020117,Logger,2792220252,2024/05/20,6.90,0.00,6.90,0.00
Inverter,2308020117,Logger,2792220252,2024/05/21,17.00,0.00,17.00,0.00
Inverter,2308020117,Logger,2792220252,2024/05/22,16.40,0.00,16.40,0.00
Inverter,2308020117,Logger,2792220252,2024/05/23,8.40,0.00,8.40,0.00
Inverter,2308020117,Logger,2792220252,2024/05/24,5.70,0.00,5.70,0.00
Inverter,2308020117,Logger,2792220252,2024/05/25,1.00,0.00,1.00,0.00
Inverter,2308020117,Logger,2792220252,2024/05/27,21.00,0.00,21.00,0.00
Inverter,2308020117,Logger,2792220252,2024/05/28,5.70,0.00,5.70,0.00
Inverter,2308020117,Logger,2792220252,2024/05/29,13.20,0.00,0.00,0.00
Inverter,2308020117,Logger,2792220252,2024/05/30,10.20,0.00,0.00,0.00
Inverter,2308020117,Logger,2792220252,2024/05/31,20.60,0.00,20.60,0.00
Inverter,2308020117,Logger,2792220252,2024/06/01,6.30,0.00,6.30,0.00
Inverter,2308020117,Logger,2792220252,2024/06/02,20.10,0.00,20.10,0.00
Inverter,2308020117,Logger,2792220252,2024/06/03,17.80,0.00,17.80,0.00
Inverter,2308020117,Logger,2792220252,2024/06/04,22.20,0.00,22.20,0.00
Inverter,2308020117,Logger,2792220252,2024/06/05,17.10,0.00,17.10,0.00
Inverter,2308020117,Logger,2792220252,2024/06/06,12.20,0.00,12.20,0.00
Inverter,2308020117,Logger,2792220252,2024/06/07,20.30,0.00,20.30,0.00
Inverter,2308020117,Logger,2792220252,2024/06/08,11.70,0.00,0.00,0.00
Inverter,2308020117,Logger,2792220252,2024/06/09,20.20,0.00,20.20,0.00
Inverter,2308020117,Logger,2792220252,2024/06/10,19.80,0.00,19.80,0.00
Inverter,2308020117,Logger,2792220252,2024/06/11,16.10,0.00,16.10,0.00
Inverter,2308020117,Logger,2792220252,2024/06/12,9.50,0.00,9.50,0.00
Inverter,2308020117,Logger,2792220252,2024/06/13,20.40,0.00,20.40,0.00
Inverter,2308020117,Logger,2792220252,2024/06/14,21.90,0.00,21.90,0.00
Inverter,2308020117,Logger,2792220252,2024/06/15,22.70,0.00,22.70,0.00
Inverter,2308020117,Logger,2792220252,2024/06/16,23.20,0.00,23.20,0.00
Inverter,2308020117,Logger,2792220252,2024/06/17,20.30,0.00,20.30,0.00
Inverter,2308020117,Logger,2792220252,2024/06/18,0.30,0.00,0.30,0.00
Inverter,2308020117,Logger,2792220252,2024/06/19,14.40,0.00,14.40,0.00
Inverter,2308020117,Logger,2792220252,2024/06/20,9.70,0.00,9.70,0.00
Inverter,2308020117,Logger,2792220252,2024/06/21,14.60,0.00,14.60,0.00
Inverter,2308020117,Logger,2792220252,2024/06/22,17.90,0.00,0.00,0.00
Inverter,2308020117,Logger,2792220252,2024/06/23,14.90,0.00,14.90,0.00
Inverter,2308020117,Logger,2792220252,2024/06/24,13.10,0.00,13.10,0.00
Inverter,2308020117,Logger,2792220252,2024/06/25,9.70,0.00,9.70,0.00
Inverter,2308020117,Logger,2792220252,2024/06/26,13.80,0.00,13.80,0.00
Inverter,2308020117,Logger,2792220252,2024/06/27,11.70,0.00,11.70,0.00
Inverter,2308020117,Logger,2792220252,2024/06/28,16.10,0.00,16.10,0.00
Inverter,2308020117,Logger,2792220252,2024/06/29,19.40,0.00,19.40,0.00
Inverter,2308020117,Logger,2792220252,2024/06/30,11.20,0.00,11.20,0.00
Inverter,2308020117,Logger,2792220252,2024/07/01,8.00,0.00,8.00,0.00
Inverter,2308020117,Logger,2792220252,2024/07/02,22.40,0.00,22.40,0.00
Inverter,2308020117,Logger,2792220252,2024/07/03,14.30,0.00,14.30,0.00
Inverter,2308020117,Logger,2792220252,2024/07/04,23.50,0.00,23.50,0.00
Inverter,2308020117,Logger,2792220252,2024/07/05,14.10,0.00,14.10,0.00
Inverter,2308020117,Logger,2792220252,2024/07/06,17.00,0.00,17.00,0.00
Inverter,2308020117,Logger,2792220252,2024/07/07,15.10,0.00,15.10,0.00
Inverter,2308020117,Logger,2792220252,2024/07/09,17.30,0.00,17.30,0.00
Inverter,2308020117,Logger,2792220252,2024/07/10,22.90,0.00,22.90,0.00
Inverter,2308020117,Logger,2792220252,2024/07/11,20.00,0.00,20.00,0.00
Inverter,2308020117,Logger,2792220252,2024/07/12,14.10,0.00,14.10,0.00
Inverter,2308020117,Logger,2792220252,2024/07/13,21.00,0.00,0.00,0.00
Inverter,2308020117,Logger,2792220252,2024/07/14,11.10,0.00,0.00,0.00
Inverter,2308020117,Logger,2792220252,2024/07/15,6.10,0.00,6.10,0.00
Inverter,2308020117,Logger,2792220252,2024/07/16,9.80,0.00,9.80,0.00
Inverter,2308020117,Logger,2792220252,2024/07/17,7.80,0.00,7.80,0.00
Inverter,2308020117,Logger,2792220252,2024/07/18,6.60,0.00,6.60,0.00
Inverter,2308020117,Logger,2792220252,2024/07/19,15.80,0.00,15.80,0.00
Inverter,2308020117,Logger,2792220252,2024/07/20,17.60,0.00,17.60,0.00
Inverter,2308020117,Logger,2792220252,2024/07/21,22.70,0.00,22.70,0.00
Inverter,2308020117,Logger,2792220252,2024/07/22,9.00,0.00,9.00,0.00
Inverter,2308020117,Logger,2792220252,2024/07/23,12.10,0.00,12.10,0.00
Inverter,2308020117,Logger,2792220252,2024/07/24,19.70,0.00,19.70,0.00
Inverter,2308020117,Logger,2792220252,2024/07/25,11.30,0.00,11.30,0.00
Inverter,2308020117,Logger,2792220252,2024/07/26,18.00,0.00,18.00,0.00
Inverter,2308020117,Logger,2792220252,2024/07/27,20.80,0.00,20.80,0.00
Inverter,2308020117,Logger,2792220252,2024/07/28,15.80,0.00,15.80,0.00
Inverter,2308020117,Logger,2792220252,2024/07/29,8.20,0.00,8.20,0.00
Inverter,2308020117,Logger,2792220252,2024/07/30,5.00,0.00,5.00,0.00
Inverter,2308020117,Logger,2792220252,2024/07/31,9.10,0.00,9.10,0.00
Inverter,2308020117,Logger,2792220252,2024/08/01,12.40,0.00,12.40,0.00
Inverter,2308020117,Logger,2792220252,2024/08/02,20.40,0.00,20.40,0.00
Inverter,2308020117,Logger,2792220252,2024/08/03,18.20,0.00,18.20,0.00
Inverter,2308020117,Logger,2792220252,2024/08/04,22.50,0.00,22.50,0.00
Inverter,2308020117,Logger,2792220252,2024/08/05,21.90,0.00,21.90,0.00
Inverter,2308020117,Logger,2792220252,2024/08/06,21.50,0.00,21.50,0.00
Inverter,2308020117,Logger,2792220252,2024/08/07,22.90,0.00,22.90,0.00
Inverter,2308020117,Logger,2792220252,2024/08/08,21.60,0.00,21.60,0.00
Inverter,2308020117,Logger,2792220252,2024/08/09,24.20,0.00,24.20,0.00
Inverter,2308020117,Logger,2792220252,2024/08/10,17.10,0.00,17.10,0.00
Inverter,2308020117,Logger,2792220252,2024/08/11,21.30,0.00,21.30,0.00
Inverter,2308020117,Logger,2792220252,2024/08/12,25.60,0.00,25.60,0.00
Inverter,2308020117,Logger,2792220252,2024/08/13,20.60,0.00,20.60,0.00
Inverter,2308020117,Logger,2792220252,2024/08/14,17.00,0.00,17.00,0.00
Inverter,2308020117,Logger,2792220252,2024/08/15,16.40,0.00,16.40,0.00
Inverter,2308020117,Logger,2792220252,2024/08/16,21.70,0.00,21.70,0.00
Inverter,2308020117,Logger,2792220252,2024/08/17,9.70,0.00,9.70,0.00
Inverter,2308020117,Logger,2792220252,2024/08/18,24.10,0.00,24.10,0.00
Inverter,2308020117,Logger,2792220252,2024/08/19,18.10,0.00,18.10,0.00
Inverter,2308020117,Logger,2792220252,2024/08/20,16.90,0.00,16.90,0.00
Inverter,2308020117,Logger,2792220252,2024/08/21,18.90,0.00,18.90,0.00
Inverter,2308020117,Logger,2792220252,2024/08/22,19.30,0.00,19.30,0.00
Inverter,2308020117,Logger,2792220252,2024/08/23,23.70,0.00,23.70,0.00
Inverter,2308020117,Logger,2792220252,2024/08/24,14.80,0.00,14.80,0.00
Inverter,2308020117,Logger,2792220252,2024/08/25,22.10,0.00,22.10,0.00
Inverter,2308020117,Logger,2792220252,2024/08/26,26.40,0.00,26.40,0.00
Inverter,2308020117,Logger,2792220252,2024/08/27,24.30,0.00,24.30,0.00
Inverter,2308020117,Logger,2792220252,2024/08/28,19.70,0.00,19.70,0.00
Inverter,2308020117,Logger,2792220252,2024/08/29,15.90,0.00,15.90,0.00
Inverter,2308020117,Logger,2792220252,2024/08/30,6.60,0.00,6.60,0.00
Inverter,2308020117,Logger,2792220252,2024/08/31,16.90,0.00,16.90,0.00
Inverter,2308020117,Logger,2792220252,2024/09/01,17.30,0.00,17.30,0.00
Inverter,2308020117,Logger,2792220252,2024/09/02,18.10,0.00,18.10,0.00
Inverter,2308020117,Logger,2792220252,2024/09/03,28.00,0.00,28.00,0.00
Inverter,2308020117,Logger,2792220252,2024/09/04,19.90,0.00,19.90,0.00
Inverter,2308020117,Logger,2792220252,2024/09/05,25.30,0.00,25.30,0.00
Inverter,2308020117,Logger,2792220252,2024/09/06,20.70,0.00,20.70,0.00
Inverter,2308020117,Logger,2792220252,2024/09/07,24.30,0.00,24.30,0.00
Inverter,2308020117,Logger,2792220252,2024/09/08,13.90,0.00,13.90,0.00
Inverter,2308020117,Logger,2792220252,2024/09/09,16.60,0.00,16.60,0.00
Inverter,2308020117,Logger,2792220252,2024/09/10,25.00,0.00,25.00,0.00
Inverter,2308020117,Logger,2792220252,2024/09/11,21.60,0.00,21.60,0.00
Inverter,2308020117,Logger,2792220252,2024/09/12,26.30,0.00,26.30,0.00
Inverter,2308020117,Logger,2792220252,2024/09/13,25.80,0.00,25.80,0.00
Inverter,2308020117,Logger,2792220252,2024/09/14,23.80,0.00,23.80,0.00
Inverter,2308020117,Logger,2792220252,2024/09/15,26.90,0.00,26.90,0.00
Inverter,2308020117,Logger,2792220252,2024/09/16,26.50,0.00,26.50,0.00
Inverter,2308020117,Logger,2792220252,2024/09/17,24.70,0.00,24.70,0.00
Inverter,2308020117,Logger,2792220252,2024/09/18,27.70,0.00,27.70,0.00
Inverter,2308020117,Logger,2792220252,2024/09/19,28.40,0.00,28.40,0.00
Inverter,2308020117,Logger,2792220252,2024/09/20,22.20,0.00,22.20,0.00
Inverter,2308020117,Logger,2792220252,2024/09/21,23.40,0.00,23.40,0.00
Inverter,2308020117,Logger,2792220252,2024/09/22,28.00,0.00,28.00,0.00
Inverter,2308020117,Logger,2792220252,2024/09/23,23.10,0.00,23.10,0.00
Inverter,2308020117,Logger,2792220252,2024/09/24,22.50,0.00,22.50,0.00
Inverter,2308020117,Logger,2792220252,2024/09/25,22.60,0.00,22.60,0.00
Inverter,2308020117,Logger,2792220252,2024/09/26,20.50,0.00,20.50,0.00
Inverter,2308020117,Logger,2792220252,2024/09/27,20.70,0.00,20.70,0.00
Inverter,2308020117,Logger,2792220252,2024/09/28,26.60,0.00,26.60,0.00
Inverter,2308020117,Logger,2792220252,2024/09/29,27.60,0.00,27.60,0.00
Inverter,2308020117,Logger,2792220252,2024/09/30,27.70,0.00,27.70,0.00
Inverter,2308020117,Logger,2792220252,2024/10/01,25.70,0.00,25.70,0.00
Inverter,2308020117,Logger,2792220252,2024/10/02,19.60,0.00,19.60,0.00
Inverter,2308020117,Logger,2792220252,2024/10/03,25.30,0.00,25.30,0.00
Inverter,2308020117,Logger,2792220252,2024/10/04,21.50,0.00,21.50,0.00
Inverter,2308020117,Logger,2792220252,2024/10/05,19.30,0.00,19.30,0.00
Inverter,2308020117,Logger,2792220252,2024/10/06,15.30,0.00,15.30,0.00
Inverter,2308020117,Logger,2792220252,2024/10/07,13.20,0.00,13.20,0.00
Inverter,2308020117,Logger,2792220252,2024/10/08,22.10,0.00,22.10,0.00
Inverter,2308020117,Logger,2792220252,2024/10/09,12.60,0.00,12.60,0.00
Inverter,2308020117,Logger,2792220252,2024/10/10,16.80,0.00,16.80,0.00
Inverter,2308020117,Logger,2792220252,2024/10/11,21.60,0.00,21.60,0.00
Inverter,2308020117,Logger,2792220252,2024/10/12,15.60,0.00,15.60,0.00
Inverter,2308020117,Logger,2792220252,2024/10/13,11.20,0.00,11.20,0.00
Inverter,2308020117,Logger,2792220252,2024/10/14,13.70,0.00,13.70,0.00
Inverter,2308020117,Logger,2792220252,2024/10/15,13.20,0.00,13.20,0.00
Inverter,2308020117,Logger,2792220252,2024/10/16,13.80,0.00,13.80,0.00
Inverter,2308020117,Logger,2792220252,2024/10/17,20.60,0.00,20.60,0.00
Inverter,2308020117,Logger,2792220252,2024/10/18,22.20,0.00,22.20,0.00
Inverter,2308020117,Logger,2792220252,2024/10/19,22.80,0.00,22.80,0.00
Inverter,2308020117,Logger,2792220252,2024/10/20,23.80,0.00,23.80,0.00
Inverter,2308020117,Logger,2792220252,2024/10/21,6.40,0.00,6.40,0.00
Inverter,2308020117,Logger,2792220252,2024/10/22,20.50,0.00,20.50,0.00
Inverter,2308020117,Logger,2792220252,2024/10/23,18.70,0.00,18.70,0.00
Inverter,2308020117,Logger,2792220252,2024/10/24,23.10,0.00,23.10,0.00
Inverter,2308020117,Logger,2792220252,2024/10/25,22.30,0.00,22.30,0.00
Inverter,2308020117,Logger,2792220252,2024/10/26,21.80,0.00,21.80,0.00
Inverter,2308020117,Logger,2792220252,2024/10/27,24.80,0.00,24.80,0.00
Inverter,2308020117,Logger,2792220252,2024/10/28,21.90,0.00,21.90,0.00
Inverter,2308020117,Logger,2792220252,2024/10/29,18.70,0.00,18.70,0.00
Inverter,2308020117,Logger,2792220252,2024/10/30,23.20,0.00,23.20,0.00
Inverter,2308020117,Logger,2792220252,2024/10/31,22.00,0.00,22.00,0.00
Inverter,2308020117,Logger,2792220252,2024/11/01,20.90,0.00,20.90,0.00
Inverter,2308020117,Logger,2792220252,2024/11/02,18.90,0.00,18.90,0.00
Inverter,2308020117,Logger,2792220252,2024/11/03,21.80,0.00,21.80,0.00
Inverter,2308020117,Logger,2792220252,2024/11/04,19.50,0.00,19.50,0.00
Inverter,2308020117,Logger,2792220252,2024/11/05,19.20,0.00,19.20,0.00
Inverter,2308020117,Logger,2792220252,2024/11/06,22.50,0.00,22.50,0.00
Inverter,2308020117,Logger,2792220252,2024/11/07,22.40,0.00,22.40,0.00
Inverter,2308020117,Logger,2792220252,2024/11/08,20.10,0.00,20.10,0.00
Inverter,2308020117,Logger,2792220252,2024/11/09,28.40,0.00,28.40,0.00
Inverter,2308020117,Logger,2792220252,2024/11/10,27.60,0.00,27.60,0.00
Inverter,2308020117,Logger,2792220252,2024/11/11,9.00,0.00,9.00,0.00
Inverter,2308020117,Logger,2792220252,2024/11/12,18.10,0.00,18.10,0.00
Inverter,2308020117,Logger,2792220252,2024/11/13,17.60,0.00,17.60,0.00
Inverter,2308020117,Logger,2792220252,2024/11/14,18.10,0.00,18.10,0.00
Inverter,2308020117,Logger,2792220252,2024/11/15,21.40,0.00,21.40,0.00
Inverter,2308020117,Logger,2792220252,2024/11/16,26.60,0.00,26.60,0.00
Inverter,2308020117,Logger,2792220252,2024/11/17,27.20,0.00,27.20,0.00
Inverter,2308020117,Logger,2792220252,2024/11/18,5.50,0.00,5.50,0.00
Inverter,2308020117,Logger,2792220252,2024/11/21,16.50,0.00,16.50,0.00
Inverter,2308020117,Logger,2792220252,2024/11/22,20.90,0.00,20.90,0.00
Inverter,2308020117,Logger,2792220252,2024/11/23,20.30,0.00,20.30,0.00
Inverter,2308020117,Logger,2792220252,2024/11/24,23.70,0.00,23.70,0.00
Inverter,2308020117,Logger,2792220252,2024/11/25,21.90,0.00,21.90,0.00
Inverter,2308020117,Logger,2792220252,2024/11/26,12.60,0.00,12.60,0.00
Inverter,2308020117,Logger,2792220252,2024/11/27,12.10,0.00,12.10,0.00
Inverter,2308020117,Logger,2792220252,2024/11/28,22.90,0.00,22.90,0.00
Inverter,2308020117,Logger,2792220252,2024/11/29,20.90,0.00,20.90,0.00
Inverter,2308020117,Logger,2792220252,2024/11/30,14.60,0.00,14.60,0.00
Inverter,2308020117,Logger,2792220252,2024/12/01,9.00,0.00,9.00,0.00
Inverter,2308020117,Logger,2792220252,2024/12/02,2.90,0.00,2.90,0.00
Inverter,2308020117,Logger,2792220252,2024/12/03,9.3000,0.0000,9.3000,0.0000
Inverter,2308020117,Logger,2792220252,2024/12/04,12.8000,0.0000,12.8000,0.0000
Inverter,2308020117,Logger,2792220252,2024/12/05,14.4000,0.0000,14.4000,0.0000
Inverter,2308020117,Logger,2792220252,2024/12/06,26.1000,0.0000,26.1000,0.0000
Inverter,2308020117,Logger,2792220252,2024/12/07,22.6000,0.0000,22.6000,0.0000
Inverter,2308020117,Logger,2792220252,2024/12/08,25.7000,0.0000,25.7000,0.0000
Inverter,2308020117,Logger,2792220252,2024/12/09,24.8000,0.0000,24.8000,0.0000
Inverter,2308020117,Logger,2792220252,2024/12/10,23.0000,0.0000,23.0000,0.0000
Inverter,2308020117,Logger,2792220252,2024/12/11,23.0000,0.0000,23.0000,0.0000
Inverter,2308020117,Logger,2792220252,2024/12/12,8.4000,0.0000,8.4000,0.0000
Inverter,2308020117,Logger,2792220252,2024/12/13,4.7000,0.0000,4.7000,0.0000
Inverter,2308020117,Logger,2792220252,2024/12/14,11.3000,0.0000,11.3000,0.0000
Inverter,2308020117,Logger,2792220252,2024/12/15,27.8000,0.0000,27.8000,0.0000
Inverter,2308020117,Logger,2792220252,2024/12/16,21.3000,0.0000,21.3000,0.0000
Inverter,2308020117,Logger,2792220252,2024/12/17,25.4000,0.0000,25.4000,0.0000
Inverter,2308020117,Logger,2792220252,2024/12/18,24.7000,0.0000,24.7000,0.0000
Inverter,2308020117,Logger,2792220252,2024/12/19,23.7000,0.0000,23.7000,0.0000
Inverter,2308020117,Logger,2792220252,2024/12/20,23.5000,0.0000,23.5000,0.0000
Inverter,2308020117,Logger,2792220252,2024/12/21,24.7000,0.0000,24.7000,0.0000
Inverter,2308020117,Logger,2792220252,2024/12/22,25.0000,0.0000,25.0000,0.0000
Inverter,2308020117,Logger,2792220252,2025/01/12,25.3000,0.0000,25.3000,0.0000
Inverter,2308020117,Logger,2792220252,2025/01/13,18.4000,0.0000,18.4000,0.0000
Inverter,2308020117,Logger,2792220252,2025/01/14,21.2000,0.0000,21.2000,0.0000
Inverter,2308020117,Logger,2792220252,2025/01/15,22.3000,0.0000,22.3000,0.0000
Inverter,2308020117,Logger,2792220252,2025/01/16,27.4000,0.0000,27.4000,0.0000
Inverter,2308020117,Logger,2792220252,2025/01/17,26.0000,0.0000,26.0000,0.0000
Inverter,2308020117,Logger,2792220252,2025/01/18,24.8000,0.0000,24.8000,0.0000
Inverter,2308020117,Logger,2792220252,2025/01/19,8.8000,0.0000,8.8000,0.0000
Inverter,2308020117,Logger,2792220252,2025/01/20,20.3000,0.0000,20.3000,0.0000
Inverter,2308020117,Logger,2792220252,2025/01/21,26.1000,0.0000,26.1000,0.0000
Inverter,2308020117,Logger,2792220252,2025/01/22,26.0000,0.0000,26.0000,0.0000
Inverter,2308020117,Logger,2792220252,2025/01/23,15.8000,0.0000,15.8000,0.0000
Inverter,2308020117,Logger,2792220252,2025/01/24,23.4000,0.0000,23.4000,0.0000
Inverter,2308020117,Logger,2792220252,2025/01/25,27.1000,0.0000,27.1000,0.0000
Inverter,2308020117,Logger,2792220252,2025/01/26,25.8000,0.0000,25.8000,0.0000
Inverter,2308020117,Logger,2792220252,2025/01/27,28.1000,0.0000,28.1000,0.0000
Inverter,2308020117,Logger,2792220252,2025/01/28,26.4000,0.0000,26.4000,0.0000
Inverter,2308020117,Logger,2792220252,2025/01/29,22.6000,0.0000,22.6000,0.0000
Inverter,2308020117,Logger,2792220252,2025/01/30,22.7000,0.0000,22.7000,0.0000
Inverter,2308020117,Logger,2792220252,2025/01/31,25.5000,0.0000,25.5000,0.0000
Inverter,2308020117,Logger,2792220252,2025/02/01,26.2000,0.0000,26.2000,0.0000
Inverter,2308020117,Logger,2792220252,2025/02/02,25.3000,0.0000,25.3000,0.0000
Inverter,2308020117,Logger,2792220252,2025/02/03,25.6000,0.0000,25.6000,0.0000
Inverter,2308020117,Logger,2792220252,2025/02/04,27.7000,0.0000,27.7000,0.0000
Inverter,2308020117,Logger,2792220252,2025/02/05,19.0000,0.0000,19.0000,0.0000
Inverter,2308020117,Logger,2792220252,2025/02/06,27.0000,0.0000,27.0000,0.0000
Inverter,2308020117,Logger,2792220252,2025/02/07,29.2000,0.0000,29.2000,0.0000
Inverter,2308020117,Logger,2792220252,2025/02/08,28.4000,0.0000,28.4000,0.0000
Inverter,2308020117,Logger,2792220252,2025/02/09,26.3000,0.0000,26.3000,0.0000
Inverter,2308020117,Logger,2792220252,2025/02/10,26.6000,0.0000,26.6000,0.0000
Inverter,2308020117,Logger,2792220252,2025/02/11,20.2000,0.0000,20.2000,0.0000
Inverter,2308020117,Logger,2792220252,2025/02/12,27.3000,0.0000,27.3000,0.0000
Inverter,2308020117,Logger,2792220252,2025/02/13,25.9000,0.0000,25.9000,0.0000
Inverter,2308020117,Logger,2792220252,2025/02/14,25.2000,0.0000,25.2000,0.0000
Inverter,2308020117,Logger,2792220252,2025/02/15,23.5000,0.0000,23.5000,0.0000
Inverter,2308020117,Logger,2792220252,2025/02/16,25.4000,0.0000,25.4000,0.0000
Inverter,2308020117,Logger,2792220252,2025/02/17,26.0000,0.0000,26.0000,0.0000
Inverter,2308020117,Logger,2792220252,2025/02/18,24.8000,0.0000,24.8000,0.0000
Inverter,2308020117,Logger,2792220252,2025/02/19,24.9000,0.0000,24.9000,0.0000
Inverter,2308020117,Logger,2792220252,2025/02/20,19.2000,0.0000,19.2000,0.0000
Inverter,2308020117,Logger,2792220252,2025/02/21,23.1000,0.0000,23.1000,0.0000
Inverter,2308020117,Logger,2792220252,2025/02/22,24.2000,0.0000,24.2000,0.0000
Inverter,2308020117,Logger,2792220252,2025/02/23,21.9000,0.0000,21.9000,0.0000
Inverter,2308020117,Logger,2792220252,2025/02/24,27.0000,0.0000,27.0000,0.0000
Inverter,2308020117,Logger,2792220252,2025/02/25,26.0000,0.0000,26.0000,0.0000
Inverter,2308020117,Logger,2792220252,2025/02/26,25.6000,0.0000,25.6000,0.0000
Inverter,2308020117,Logger,2792220252,2025/02/27,26.7000,0.0000,26.7000,0.0000
Inverter,2308020117,Logger,2792220252,2025/02/28,25.7000,0.0000,25.7000,0.0000
Inverter,2308020117,Logger,2792220252,2025/03/01,19.1000,0.0000,19.1000,0.0000
Inverter,2308020117,Logger,2792220252,2025/03/02,22.5000,0.0000,22.5000,0.0000
Inverter,2308020117,Logger,2792220252,2025/03/03,21.5000,0.0000,21.5000,0.0000
Inverter,2308020117,Logger,2792220252,2025/03/04,22.3000,0.0000,22.3000,0.0000
Inverter,2308020117,Logger,2792220252,2025/03/05,23.1000,0.0000,23.1000,0.0000
Inverter,2308020117,Logger,2792220252,2025/03/06,2.4000,0.0000,2.4000,0.0000
Inverter,2308020117,Logger,2792220252,2025/03/07,19.9000,0.0000,19.9000,0.0000
Inverter,2308020117,Logger,2792220252,2025/03/08,17.0000,0.0000,17.0000,0.0000
Inverter,2308020117,Logger,2792220252,2025/03/09,23.0000,0.0000,23.0000,0.0000
Inverter,2308020117,Logger,2792220252,2025/03/10,27.3000,0.0000,27.3000,0.0000
Inverter,2308020117,Logger,2792220252,2025/03/11,22.8000,0.0000,22.8000,0.0000
Inverter,2308020117,Logger,2792220252,2025/03/12,19.1000,0.0000,19.1000,0.0000
Inverter,2308020117,Logger,2792220252,2025/03/13,17.7000,0.0000,17.7000,0.0000
Inverter,2308020117,Logger,2792220252,2025/03/14,26.5000,0.0000,26.5000,0.0000
Inverter,2308020117,Logger,2792220252,2025/03/15,27.7000,0.0000,27.7000,0.0000
Inverter,2308020117,Logger,2792220252,2025/03/16,15.5000,0.0000,15.5000,0.0000
Inverter,2308020117,Logger,2792220252,2025/03/17,20.8000,0.0000,20.8000,0.0000
Inverter,2308020117,Logger,2792220252,2025/03/18,26.5000,0.0000,26.5000,0.0000
Inverter,2308020117,Logger,2792220252,2025/03/19,19.4000,0.0000,19.4000,0.0000
Inverter,2308020117,Logger,2792220252,2025/03/20,27.6000,0.0000,27.6000,0.0000
Inverter,2308020117,Logger,2792220252,2025/03/21,25.1000,0.0000,25.1000,0.0000
Inverter,2308020117,Logger,2792220252,2025/03/22,22.5000,0.0000,22.5000,0.0000
Inverter,2308020117,Logger,2792220252,2025/03/23,22.6000,0.0000,22.6000,0.0000
Inverter,2308020117,Logger,2792220252,2025/03/24,25.2000,0.0000,25.2000,0.0000
Inverter,2308020117,Logger,2792220252,2025/03/25,24.4000,0.0000,24.4000,0.0000
Inverter,2308020117,Logger,2792220252,2025/03/26,23.0000,0.0000,23.0000,0.0000
Inverter,2308020117,Logger,2792220252,2025/03/27,22.2000,0.0000,22.2000,0.0000
Inverter,2308020117,Logger,2792220252,2025/03/28,24.4000,0.0000,24.4000,0.0000
Inverter,2308020117,Logger,2792220252,2025/03/29,23.2000,0.0000,23.2000,0.0000
Inverter,2308020117,Logger,2792220252,2025/03/30,23.7000,0.0000,23.7000,0.0000
Inverter,2308020117,Logger,2792220252,2025/03/31,22.1000,0.0000,22.1000,0.0000